id,permit_no,permit_date,permit_type,description,status,address,page_number,captured_at,lead_status
17325,B240256,02/27/2024,Building,"NEW 838 SQ FT ADU",Finaled,"3204 CUMBRIAN CT, A, WALCR 94598",1444,2026-07-18T09:47:26.787181,New
17319,B240259,02/27/2024,Building,"INSTALLATION OF A 747 sq. ft. HUD/HCD APPROVED MANUFACTURED ADU.",Finaled,"100 ARLENE DR, WALCR CA 94595",1444,2026-07-18T09:47:26.787181,New
17305,R24053,02/28/2024,"Building Revision","REVISION TO B220314 ADD 2ND TANKLESS FOR HOUSE (N) ATTACHED ADU","Ready to Issue","2893 GRANDE CAMINO, WALCR CA 94598",1443,2026-07-18T09:47:21.502369,New
17293,B240263,02/28/2024,Building,"INSTALLTION OF A 747 sq ft HUD/HCD APPROVED MANUFACTURED ADU.","Conditionally Approved","1042 BRIGHTWOOD CT, WALCR CA 94598",1442,2026-07-18T09:47:15.500206,New
17194,B240295,03/04/2024,Building,"NEW ATTACHED ADU",Finaled,"1434 GOLETA CT, A, WALCR 94597",1433,2026-07-18T09:46:25.181121,New
17169,B240302,03/05/2024,Building,"NEW HUD/HCD MANUFACTURED ADU","With Customer for Response","51 CASTLE HILL CT, WALCR CA 94595",1431,2026-07-18T09:46:13.832020,New
17166,B240304,03/05/2024,Building,"NEW ADU AT REAR OF YARD",Finaled,"71 SHADY LN, A, WALCR CA 94597",1431,2026-07-18T09:46:13.832020,New
17017,B240339,03/13/2024,Building,"NEW DETACHED ADU 742 SQ FT",Finaled,"1291 WALDEN RD, C, WALCR 94597",1419,2026-07-18T09:45:09.038070,New
16952,B240356,03/15/2024,Building,"NEW ADU 800 SQ FT ATTACHED TO (E) GARAGE",Issued,"1764 THIRD AVE, A, WALNUT CREEK 94596",1413,2026-07-18T09:44:36.300366,New
16946,B240360,03/15/2024,Building,"NEW SFR & CONVERT EXISTING 1600SQ FT SFR TO ADU",Issued,"86 ORCHARD ESTATES DR, WALCR CA 94598",1413,2026-07-18T09:44:36.300366,New
16942,R24079,03/15/2024,"Building Revision","REMOVE DEMOLITION, REMOVE NEW SFR, REMOVE NEW GARAGE, CONVERSION OF (E) TO ADU, UPDATE BATHROOM DOWNSTAIRS TO B220976",Void,"86 ORCHARD ESTATES DR, WALCR CA 94598",1412,2026-07-18T09:44:29.553093,New
16778,B240394,03/27/2024,Building,"NEW DETACHED ADU",Finaled,"699 BANYAN LN, A, WALCR 94598",1399,2026-07-18T09:43:14.687607,New
16645,B240430,04/02/2024,Building,"DETACHED ADU - 985 SQ. FT.",Issued,"2231 BUENA VISTA AVE, WALCR CA 94597",1388,2026-07-18T09:42:16.634177,New
16642,B240431,04/02/2024,Building,"DETACHED ADU - 992 SQ. FT.",Issued,"2231 BUENA VISTA AVE, WALCR CA 94597",1387,2026-07-18T09:42:10.820082,New
16599,B240444,04/04/2024,"Building New Construction, Additions, Alterations or Sign","(N) ATTACHED ADU",Void,"2832 FYNE DR, WALCR CA 94598",1384,2026-07-18T09:41:54.782651,New
16395,R24112,04/11/2024,"Building Revision to Issued Permit","1. Gas line drawing, this is showing where the gas line will come from the meter at our house to the ADU then to the stove location then go up to the attic and across to the gas water heater location. Then we will purchase the special vented door for the water heater as noted on the approved plans. 2. Roof vents and calculations, which is instead of the long roof vent there is separate vents in the roof along with the attic vents to meet the required numbers for ventilation. 3. Electrical plans shows a porch light added and the switch inside moved so its not behind the door along with 2 desk lights and switches in the bedrooms. Also these drawings show 240 outlets for the stove and water heater so there is an option to have either gas or electric in the future.","Revision Issued","3116 MANOR AVE, WALCR CA 94597",1367,2026-07-18T09:40:27.290289,New
16190,B240567,04/22/2024,"Building New Construction, Additions, Alterations or Sign","Build one new 950 SF accessory dwelling unit (ADU) with one bedroom and one bathroom.",Issued,"35 PINO CREST, WALCR CA 94598",1350,2026-07-18T09:38:59.114819,New
16039,B240609,04/29/2024,"Building New Construction, Additions, Alterations or Sign","NEW ATTACHED ADU","Conditionally Approved","2430 OVERLOOK DR, WALCR CA 94597",1337,2026-07-18T09:37:56.050093,New
15922,B240643,05/03/2024,"Building New Construction, Additions, Alterations or Sign","NEW replacement SFR WITH ATTACHED 552 sf ADU, 1 bd",Issued,"2136 YOUNGS CT, A, WALCR 94596",1327,2026-07-18T09:37:05.024373,New
15878,B240652,05/06/2024,"Building New Construction, Additions, Alterations or Sign","Pre-approved ADU plan 3-New construction",Finaled,"298 NORMANDY LN, A, WALCR 94598",1324,2026-07-18T09:36:51.966040,New
15777,B240681,05/10/2024,"Building New Construction, Additions, Alterations or Sign","CONVERT WORKSHOP OVER GARAGE TO ADU",Finaled,"32 VARTAN CT, A, WALCR CA 94597",1315,2026-07-18T09:36:08.800665,New
15776,B241009,05/10/2024,"Building New Construction, Additions, Alterations or Sign","(N) DETACHED ADU",Finaled,"40 SANTA RITA DR, WALCR CA 94596",1315,2026-07-18T09:36:08.800665,New
15699,B240698,05/15/2024,"Building New Construction, Additions, Alterations or Sign","NEW CONSTRUCTION OF A 622 SQ.FT. 1-STORY DETACHED ADU.",Finaled,"707 AUTUMN DR, Unit A, WALCR CA 94598",1309,2026-07-18T09:35:38.490867,New
15506,B240745,05/24/2024,"Building New Construction, Additions, Alterations or Sign","(N) Detached ADU",Finaled,"1876 SUNNYVALE AV, A, WALCR CA 94597",1293,2026-07-18T09:34:19.906303,New
15417,B240766,05/30/2024,"Building New Construction, Additions, Alterations or Sign","(N) ATTACHED ADU AND INTERIOR REMODEL OF MAIN HOUSE",Finaled,"1892 SUNNYVALE AVE, A, WALCR CA 94597",1285,2026-07-18T09:33:40.417383,New
15218,B240845,06/07/2024,"Building New Construction, Additions, Alterations or Sign","CONVERT EXISTING GARAGE INTO ATTACHED ADU, ADDITION AND (N) COVERED PORCH",Finaled,"2129 YOUNGS CT, A, WALCR 94596",1269,2026-07-18T09:32:22.999460,New
14780,S24140-E,07/02/2024,"Solar System - Residential","ONLINE - An ADU was built. The original approved plan called for additional solar panels to be added to the main house to meet the solar requirment. Those panels were added.",Void,"1661 SURREY CT, WALCR CA 94598",1232,2026-07-18T09:29:27.992739,New
14758,B240940,07/04/2024,"Building New Construction, Additions, Alterations or Sign","744 sqft ADU - PRE-MANUFACTURED (HUD) - REVISION UNDER R25252",Finaled,"2032 ESSENAY AV AVE, WALCR CA 94597",1230,2026-07-18T09:29:18.259460,New
14757,B240941,07/04/2024,"Building New Construction, Additions, Alterations or Sign","NEW DETACHED ADU 800 SF & UPGRADE ELECTRICAL PANEL TO 200 AMP, 125 AMP FOR ADU & 100 AMP FOR MAIN DWELLING.",Finaled,"2049 BELFORD DR, A, WALCR 94598",1230,2026-07-18T09:29:18.259460,New
14697,B240979,07/08/2024,"Building New Construction, Additions, Alterations or Sign","(N) DETACHED ADU",Issued,"39 LOS CERROS AV AVE, WALCR CA 94598",1225,2026-07-18T09:28:53.676019,New
14524,B241006,07/16/2024,"Building New Construction, Additions, Alterations or Sign","(N) DETACHED ADU - 593 SF",Finaled,"22 BRANDON OAKS PL, A, WALCR 94597",1211,2026-07-18T09:27:49.661062,New
14446,B241026,07/19/2024,"Building New Construction, Additions, Alterations or Sign","Remodeling garage and adding one more garage to the two car garage existing and make a ADU unit.","With Customer for Response","51 GOBEL WAY, WALCR CA 94597",1204,2026-07-18T09:27:18.464313,New
14439,S24153-E,07/19/2024,"Solar System - Residential","SOLAR for ADU (B241026)",Void,"51 GOBEL WAY, WALCR CA 94597",1204,2026-07-18T09:27:18.464313,New
14250,M241472,07/30/2024,"Mechanical, Electrical, or Plumbing Only","Install Main Panel 320A 240V 2-METER 200A FOR THE ADU UNIT AND 125A FOR THE MAIN HOUSE",Finaled,"60 AMBERWOOD LN, WALCR CA 94598",1188,2026-07-18T09:26:03.181213,New
13849,B241152,08/19/2024,"Building New Construction, Additions, Alterations or Sign","Construction of HCD approved and inspected Factory Built Housing ADU. ADU to be fully completed in Factory and installed on Concrete t-footing foundation, connected to site utilities. 540 sq. ft. detached ADU",Finaled,"519 BANYAN CIR, WALCR CA 94598",1155,2026-07-18T09:23:28.283707,New
13515,B241213,09/03/2024,"Building New Construction, Additions, Alterations or Sign","(N) Detached 748 SQF ADU DUPLEX (2 UNITS MIRROR IMAGE)",Expired,"1881 SHUEY AV AVE, WALCR CA 94596",1127,2026-07-18T09:21:21.347505,New
13227,B241268,09/12/2024,"Building New Construction, Additions, Alterations or Sign","ADDITION TO (E) ADU",Expired,"2273 WALNUT BLVD, WALCR CA 94597",1103,2026-07-18T09:19:31.942705,New
13153,B241279,09/16/2024,"Building New Construction, Additions, Alterations or Sign","Building a 578 ADU with deck",Void,"120 SUMMIT RD, WALCR CA 94598",1097,2026-07-18T09:19:06.233857,New
13121,B241286,09/17/2024,"Building New Construction, Additions, Alterations or Sign","NEW DETACHED ADU",Finaled,"113 ROCK OAK CT, A, WALCR CA 94598",1094,2026-07-18T09:18:54.555464,New
12944,B241381,09/26/2024,"Building New Construction, Additions, Alterations or Sign","(N) DETACHED ADU AND REMOVAL & REPLACE ELEVATED DECK",Finaled,"1802 WHITECLIFF WY WAY, A, WALCR CA 94596",1079,2026-07-18T09:17:51.916799,New
12837,B241383,10/01/2024,"Building New Construction, Additions, Alterations or Sign","HCD APPROVED ADU",Finaled,"2433 ENCINAL DR, WALCR CA 94597",1070,2026-07-18T09:17:14.039648,New
12593,B250022,10/10/2024,"Building New Construction, Additions, Alterations or Sign","CONSTRUCTION OF AN ATTACHED ADU TO EXISTING STRUCTURE, A SINGLE FAMILY RESIDENCE. THE HOUSE IS ONE STORY. THE ADU WILL BE ONE STORY AND APPROXIMATELY 685 SQUARE FEET. NO ALTERATIONS TO THE EXISTING BUILDING OTHER THAN THOSE AT THE ROOF AND WALL AT THE POINT OF ATTACHMENT.",Issued,"151 SHADY LN, WALCR CA 94597",1050,2026-07-18T09:15:51.191202,New
12571,P24056,10/11/2024,"Pool or Spa - New, Remodel or Demolition","Demo existing pool, compact for construction of ADU","Conditionally Approved","85 PLEASANT VALLEY DR, WALCR CA 94597",1048,2026-07-18T09:15:44.037393,New
12543,B241446,10/12/2024,"Building New Construction, Additions, Alterations or Sign","PRADU-Build Walnut Creek Pre Approved ADU plan #4",Finaled,"85 PLEASANT VALLEY DR, A, WALCR 94597",1046,2026-07-18T09:15:35.950789,New
12484,B241457,10/15/2024,"Building New Construction, Additions, Alterations or Sign","(N) DETACHED 578 SF ADU",Finaled,"120 SUMMIT RD, WALCR CA 94598",1041,2026-07-18T09:15:14.401496,New
12483,B241458,10/15/2024,"Building New Construction, Additions, Alterations or Sign","Adding 211 SF to living room addition - ADU",Finaled,"120 SUMMIT RD, WALCR CA 94598",1041,2026-07-18T09:15:14.401496,New
12241,B241527,10/28/2024,"Building New Construction, Additions, Alterations or Sign","Replace existing porch with new house addition. Remodel bathroom, bedroom, kitchen and existing garage. Add a laundry room and office. Remodel existing bedroom/bathroom and laundry room and turn it into a junior ADU.",Issued,"151 NORLYN DR, A, WALCR CA 94596",1021,2026-07-18T09:13:54.917020,New
12223,B241531,10/29/2024,"Building New Construction, Additions, Alterations or Sign","Install new Detached ADU 749 SQF 2 Bedroom and 2 Bathroom See Revisions: R25073",Finaled,"2473 ENCINAL DR, A, WALCR 94597",1019,2026-07-18T09:13:46.797326,New
12200,R24343,10/29/2024,"Building Revision to Issued Permit","REVISION TO M241809: Install surface mount outside sub panel. ADU address 2033A Essenay, Main house address 2033 Essenay. Correction drawing for update on gas pipe location and location of sub panel.","Revision Issued","2033 ESSENAY AVE, A, WALCR 94597",1017,2026-07-18T09:13:38.474905,New
11614,B241662,12/03/2024,"Building New Construction, Additions, Alterations or Sign","CONVERT (E) GARAGE TO ADU. REMODEL KITCHEN.",Finaled,"1868 DANIELLE CT, A, WALCR 94598",968,2026-07-18T09:10:24.656963,New
11457,B241691,12/09/2024,"Building New Construction, Additions, Alterations or Sign","Convert Garage to JADU",Finaled,"237 SANTA FEE DR, A, WALCR 94598",955,2026-07-18T09:09:36.780049,New
11427,B241699,12/10/2024,"Building New Construction, Additions, Alterations or Sign","NEW 992 SQ FT DETACHED ADU REVISIONS: R25275",Issued,"16 DOGWOOD CT, A, WALCR 94598",953,2026-07-18T09:09:28.622877,New
11390,B241715,12/11/2024,"Building New Construction, Additions, Alterations or Sign","Conversion of existing second floor bonus room into an ADU. Upper floor will be converted into 968 S.F. ADU",Issued,"2023 1ST AVE, WALCR CA 94597",950,2026-07-18T09:09:17.685038,New
11275,B241745,12/18/2024,"Building New Construction, Additions, Alterations or Sign","Convert an existing shed into a detached ADU",Finaled,"1728 ALMOND AVE, B, WALCR CA 94596",940,2026-07-18T09:08:40.625955,New
11212,R25003,12/23/2024,"Building Revision to Issued Permit","ADDITIONAL SCOPE TO REMODEL: 1. CONVERT (E) INFORMAL LIVING ROOM TO BEDROOM WITH WALK IN CLOSET AND LAUNDRY ROOM. 2. CONVERT LARGE DOWNSTAIRS BATHROOM INTO FULL ENSUITE BATH OFF NEW BEDROOM AND DOWNSTAIRS GUEST HALF BATH. 3. MOVE (E) FIREPLACE IN LIVING ROOM TO ADDED BEDROOM. 4. BURY 2"" ELECTRICAL CONDUIT TO CODE FROM MAIN PANEL TO SIDEYARD FOR FUTURE ADU. 5. CHANGE DOOR IN KITCHEN FROM 5' TO 6' WIDE. 6. UPDATE WINDOW / DOOR SCHEDULE. 7. CHANGE HANGER IN STRUCTURAL PLANS CONNECTING FB2 WITH FB3 WITH NEW HANGER MEG5. REVISION TO B241285","Revision Issued","1101 SEBASTIAN LN, WALCR CA 94598",935,2026-07-18T09:08:23.882177,New
11167,M250003,01/02/2025,"Mechanical, Electrical, or Plumbing Only","Relocated electrical panel for 200 amp service and to incorporate 2 meters (primary residence & ADU)",Finaled,"3204 CUMBRIAN CT, WALCR CA 94598",931,2026-07-18T09:08:08.793554,New
10772,B250161,01/23/2025,"Building New Construction, Additions, Alterations or Sign","1st Story and 2nd Story Addition and Full remodeling of Existing house. Including conversion of detached garage to ADU.",Void,"187 LANCASTER RD, WALCR CA 94595",898,2026-07-18T09:06:11.955906,New
10725,B250101,01/28/2025,"Building New Construction, Additions, Alterations or Sign","Garage to ADU conversion, removing garage door, adding door and windows instead.",Void,"1764 3RD AVE, WALCR CA 94597",894,2026-07-18T09:05:57.194926,New
10502,B250153,02/11/2025,"Building New Construction, Additions, Alterations or Sign","(N) DETACHED HUD / HCD Approved Manufacturer ADU 592 sf - REVISION UNDER R25251",Finaled,"41 SANDY LN, A, WALCR 94597",876,2026-07-18T09:04:55.146486,New
10363,B250178,02/19/2025,"Building New Construction, Additions, Alterations or Sign","CONVERT DETACHED GARAGE INTO AN ADU",Issued,"1959 CARRIAGE DR, A, WALCR CA 94598",864,2026-07-18T09:04:15.078869,New
10237,B250206,02/26/2025,"Building New Construction, Additions, Alterations or Sign","NEW DETACHED ADU PER STATE EXEMPT PROGRAM",Issued,"190 RUDGEAR DR, A, WALCR CA 94596",854,2026-07-18T09:03:40.808001,New
10194,R25052,03/01/2025,"Building Revision to Issued Permit","Would like to change living room into JADU. Current plans or for a bathroom only. These plans consist of closing two walkways, adding a efficiency sink, and adding 2 outlets and 1 light box with switch.",Void,"1127 GLENGARRY DR, WALCR CA 94596",850,2026-07-18T09:03:26.016792,New
10184,B250226,03/03/2025,"Building New Construction, Additions, Alterations or Sign","Conversion of Garage to Detached ADU","With Customer for Response","187 LANCASTER RD, WALCR CA 94595",849,2026-07-18T09:03:22.273358,New
9915,R25072,03/14/2025,"Building Revision to Issued Permit","Electrical load calculations to show that 225 busbar is present at the main dwelling unit and demonstrate that the main panel has adeqiate capacity to support both the primary house and the proposed ADU. REVISION TO B240652","Revision Issued","298 NORMANDY LN, A, WALCR 94598",827,2026-07-18T09:02:03.133599,New
9880,R25073,03/17/2025,"Building Revision to Issued Permit","CHANGE THE LOCATION OF THE DETACHED ADU- MOVE 6 FT TO THE SOUTH - REVISION TO B241531","Revision Issued","2473 ENCINAL DR, A, WALCR 94597",824,2026-07-18T09:01:53.756260,New
9788,B250322,03/19/2025,"Building New Construction, Additions, Alterations or Sign","ADU CONVERSION - Convert existing attached garage into a new JADU within the building footprint",Issued,"1238 CONEJO WY WAY, WALCR CA 94597",816,2026-07-18T09:01:26.354079,New
9620,B250367,03/26/2025,"Building New Construction, Additions, Alterations or Sign","Accessory Structure (library/retreat & bathroom) - NOT ADU",Issued,"950 TRAILS END DR, WALCR CA 94598",802,2026-07-18T09:00:38.930868,New
9537,B250389,03/31/2025,"Building New Construction, Additions, Alterations or Sign","731 SF 1-BEDROOM DETACHED ADU INCLUDING MECHANICAL, PLUMBING, ELECTRICAL & ASSOCIATED DRIVEWAY, HARDSCAPING, DECKING, GRADING, LANDSCAPE, AND FENCING.",Finaled,"2354 WALNUT BL BLVD, WALCR CA 94597",795,2026-07-18T09:00:15.803867,New
9333,R25094,04/07/2025,"Building Revision to Issued Permit","RELOCATED SOUTH EXTERIOR WALL OF ADU NORTH BY 5'. ADJUSTED SETBACK TO BE 4' WITH A FIRE RATED WALL TO B240766","Revision Issued","1892 SUNNYVALE AVE, WALCR CA 94597",778,2026-07-18T08:59:20.051372,New
9235,B250440,04/10/2025,"Building New Construction, Additions, Alterations or Sign","TEST- ADU notification -TEST ONLY",Void,"1235 ARKELL RD, WALCR CA 94598",770,2026-07-18T08:58:54.075804,New
9184,B250454,04/14/2025,"Building New Construction, Additions, Alterations or Sign","NEW (539 SF) DETACHED ADU w/ ATTACHED (18 SF) STORAGE SHED",Finaled,"21 PRIMROSE CT, A, WALCR CA 94598",766,2026-07-18T08:58:41.493642,New
9041,R25109,04/21/2025,"Building Revision to Issued Permit","Revised Scope: Due to recent updates in local and SB1211 state ADU regulations, the owner has elected to revise the project into a duplex ADU, with each unit measuring 749 sq. ft., and each containing 2 bedrooms and 1 bathroom. All changes have been marked under Delta #3. Original Scope: The original approved scope included a single detached ADU of 748 sq. ft. consisting of 2 bedrooms and 1 bathroom. -- REVISION TO B241213","Conditionally Approved","1881 SHUEY AV AVE, WALCR CA 94596",754,2026-07-18T08:58:04.418767,New
8995,B250496,04/22/2025,"Building New Construction, Additions, Alterations or Sign","Conversion of existing detached garage, 407 sf, to an ADU (1 bedroom/1 bath).",Finaled,"3288 HUDSON AV AVE, A, WALCR CA 94597",750,2026-07-18T08:57:51.259737,New
8921,B250507,04/24/2025,"Building New Construction, Additions, Alterations or Sign","Converting existing garage and adjourning bathroom to junior ADU (450.7 sq ft) with kitchenette",Finaled,"170 NORLYN DR, WALCR CA 94596",744,2026-07-18T08:57:32.746944,New
8833,B250537,04/29/2025,"Building New Construction, Additions, Alterations or Sign","NEW 849 SF DETACHED ADU NO CHANGE TO LANDSCAPING NO CHANGE TO PARKING NO CHANGE TO IMPERVIOUS AREA NO CHANGE TO DRAINAGE",Issued,"2619 Smith Ranch, A, WALCR CA 94598",737,2026-07-18T08:57:11.008174,New
8709,B250560,05/03/2025,"Building New Construction, Additions, Alterations or Sign","attached ADU",Void,"1730 FIRST AV AVE, WALCR CA 94597",726,2026-07-18T08:56:37.582551,New
8610,B250577,05/09/2025,"Building New Construction, Additions, Alterations or Sign","(N) ATTACHED ADU",Issued,"111 SCHOOL LN, WALCR CA 94597",718,2026-07-18T08:56:14.469829,New
8538,B250604,05/14/2025,"Building New Construction, Additions, Alterations or Sign","(N) DETACHED 995sf ADU","With Customer for Response","2975 HURLSTONE CT, WALCR CA 94598",712,2026-07-18T08:55:56.853862,New
8513,R25137,05/15/2025,"Building Revision to Issued Permit","Foundation - new foundation detail showing a taller foundation wall dug down past the lowest block of the decorative block wall, 12” below undisturbed soil following the same structural calculations as the rest of the foundation. This will be done behind the decorative block wall and the new detail has the engineer’s stamp and note stating the block wall has no foundation and will not affect the ADU’s foundation. - REVISION TO B241457","Revision Issued","120 SUMMIT RD, WALCR CA 94598",710,2026-07-18T08:55:51.160805,New
8262,B250682,05/28/2025,"Building New Construction, Additions, Alterations or Sign","(N) ATTACHED ADU",Finaled,"1730 1ST AVE, A, WALCR CA 94597",689,2026-07-18T08:54:49.039854,New
8259,R25152,05/28/2025,"Building Revision to Issued Permit","Changing the ADU HVAC from mini split to central AC - REVISION TO B240356","Conditionally Approved","1764 THIRD AV, WALCR CA 94596",689,2026-07-18T08:54:49.039854,New
8133,B250707,06/04/2025,"Building New Construction, Additions, Alterations or Sign","Manufactured ADU built to HUD specifications to be installed on property. REVISION: R25353",Finaled,"391 DOVER DR, A, WALCR CA 94598",678,2026-07-18T08:54:17.848693,New
7839,B250763,06/18/2025,"Building New Construction, Additions, Alterations or Sign","(N) 598 sf DETACHED ADU",Finaled,"35 DRAKE CT, A, WALCR 94597",654,2026-07-18T08:53:09.475719,New
7822,R25179,06/19/2025,"Building Revision to Issued Permit","REVISION TO S25008-E - 1. Sheets PV1, PV2 and PV3 are updated to show panel model changed. 2. Sheets PV1A, PV1B, PV2, PV2A and PV4 show ADU has now changed to 2 units that share the same roof. The PV panels for the other unit are shown on the roof as the panels for this project will be placed under them. 3. Sheet PV2A and PV3A show rail type is updated. 4. Sheets PV1A, PV2, PV3 and PV4 show sub panel is removed, main service panel and new system will connect to main service panel.","Revision Issued","1881 SHUEY AV AVE, WALCR CA 94596",652,2026-07-18T08:53:04.492301,New
7743,B250783,06/24/2025,"Building New Construction, Additions, Alterations or Sign","494 Sq. Ft ADU in rear of existing single-family residence.",Issued,"40 NORMANDY LN, A, WALCR CA 94598",646,2026-07-18T08:52:46.975071,New
7686,B250797,06/26/2025,"Building New Construction, Additions, Alterations or Sign","NEW DETACHED ADU.",Issued,"2024 MALLARD DR, WALCR CA 94597",641,2026-07-18T08:52:32.890571,New
7447,B250861,07/10/2025,"Building New Construction, Additions, Alterations or Sign","REMOVE 2 WINDOWS REPLACE WITH STUCCO, ADD 1 BATHROOM, ADD WET BAR, CLOSET/STORAGE. No Conversation to JADU.",Issued,"1005 HOMESTEAD AV AVE, WALCR CA 94598",621,2026-07-18T08:51:36.758493,New
7420,B250867,07/11/2025,"Building New Construction, Additions, Alterations or Sign","313 sq. ft. Addition to (E) attached ADU. 240 sq. ft. Addition to (E) Garage.",Finaled,"2348 WALNUT BL BLVD, WALCR CA 94597",619,2026-07-18T08:51:31.349553,New
7298,B250889,07/16/2025,"Building New Construction, Additions, Alterations or Sign","Remodel a detached garage into an ADU.",Void,"125 ROCK OAK CT, WALCR CA 94598",609,2026-07-18T08:51:03.900534,New
7241,B250904,07/20/2025,"Building New Construction, Additions, Alterations or Sign","REMODEL OF GARAGE TO REMOVE EAVES & UPGRADE PORTION TO A 1-HOUR RATING PER THE REQUIREMENTS OF THE ADJACENT ADU. (FOR ADU REFER TO APPROVED BUILDING PERMIT #B250389)",Finaled,"2354 WALNUT BL BLVD, WALCR CA 94597",604,2026-07-18T08:50:50.436070,New
7158,R25234,07/24/2025,"Building Revision to Issued Permit","CHANGE THE LOCATION OF SOLAR PANELS OF THE DETACHED ADU- MOVE TO OTHER SIDE OF THE ROOF - REVISION TO B241531",Void,"2473 ENCINAL DR, A, WALCR 94597",597,2026-07-18T08:50:30.653409,New
7130,B250927,07/26/2025,"Building New Construction, Additions, Alterations or Sign","PreApproved ADU - Plan 2 (Extending current utilities from my house)",Issued,"23 CAMEO CT, A, WALCR CA 94597",595,2026-07-18T08:50:24.820945,New
7046,B250949,07/31/2025,"Building New Construction, Additions, Alterations or Sign","NEW SINGLE FAMILY HOME (3233.1 SF) & ATTACHED JADU (340.2 SF) DEMOLITION OF (E) SFR (1510 SF) - SEPARATE PERMIT (D25013)","With Customer for Response","244 WOOTTEN DR, WALCR 94597",588,2026-07-18T08:50:06.408067,New
6994,B250957,08/03/2025,"Building New Construction, Additions, Alterations or Sign","CONVERSION OF (E) DETACHED GARAGE INTO AN ADU WITH AN AREA OF 689 SQUARE FEET.",Issued,"1861 SECOND AV AVE, WALCR CA 94597",583,2026-07-18T08:49:53.000635,New
6991,R25243,08/04/2025,"Building Revision to Issued Permit","REVISION TO S25163-E - Relocate solar panels originally planned for pergola (as shown on Sheet PV-1) to roof of ADU.","Revision Issued","189 LOS ALTOS AV AVE, WALCR CA 94598",583,2026-07-18T08:49:53.000635,New
6928,B250966,08/05/2025,"Building New Construction, Additions, Alterations or Sign","Converting an existing detached garage into a ADU","Conditionally Approved","1864 SHUEY AV AVE, WALCR CA 94596",578,2026-07-18T08:49:40.526581,New
6898,R25251,08/06/2025,"Building Revision to Issued Permit","REVISION TO B250153 - Relocate the ADU to the rear left corner, and fire dept required to install automatic fire sprinklers for the new ADU only","Revision Issued","41 SANDY LN, WALCR CA 94597",575,2026-07-18T08:49:32.216653,New
6893,R25252,08/06/2025,"Building Revision to Issued Permit","Addition of stairs and deck to align with the ADU threshold - REVISION TO B240940","Revision Issued","2032 ESSENAY AV AVE, WALCR CA 94597",575,2026-07-18T08:49:32.216653,New
6763,B250992,08/12/2025,"Building New Construction, Additions, Alterations or Sign","(N) DETACHED ADU",Issued,"2612 SAN CARLOS DR, WALCR CA 94598",564,2026-07-18T08:49:03.726031,New
6649,B251019,08/18/2025,"Building New Construction, Additions, Alterations or Sign","Conversion of existing garage to detached Accessory Dwelling Unit (ADU)",Issued,"2560 CEDRO LN, WALCR CA 94598",555,2026-07-18T08:48:40.631070,New
6625,B251022,08/19/2025,"Building New Construction, Additions, Alterations or Sign","Partial demolition of ADU & partial of garage in order to prepare for the addition of the ADU and the garage. The ADU and Garage addition permit is under review under the permit # B250867","Application Dropped","2348 WALNUT BL BLVD, WALCR CA 94597",553,2026-07-18T08:48:35.909926,New
6569,B251034,08/20/2025,"Building New Construction, Additions, Alterations or Sign","Fire damage repair interior rafters and sheathing and conversion of existing living area (2nd floor) into ADU 900 sq.ft & New replacement to existing wood staircase and landing to the ADU unit from the back 100 sq.ft.",Issued,"2129 STEWART AV AVE, WALCR CA 94596",548,2026-07-18T08:48:23.401318,New
6207,M251873-E,09/05/2025,"Residential Electrical: Electrical Panel or Sub-Panel Replacement or Upgrade Panel ONLY (not exceeding 200amps & no relocation)","Upgrade panel and install feeder to ADU",Issued,"2156 STEWART AV AVE, WALCR CA 94596",518,2026-07-18T08:47:09.229750,New
6200,B251099,09/08/2025,"Building New Construction, Additions, Alterations or Sign","CONVERTING (E) POOL HOUSE TO DETACHED ADU Adding a kitchen, bath, mini-split and window to an existing permitted dwelling on my property (under permit #: 2337-A).",Finaled,"319 LOS FELICAS AVE, A, WALCR CA 94598",517,2026-07-18T08:47:07.254510,New
6125,R25305,09/10/2025,"Building Revision to Issued Permit","REVISION TO S25163-E: Single-Line Diagram. The original design included 4 PV circuits. Please update this to 3 PV circuits as shown in the attached revised single-line diagram. ADU Module Layout. The ADU roof has sufficient space to accommodate 6 modules instead of 5. Please update the module layout accordingly, as reflected in the attached revised plan.","Revision Issued","189 LOS ALTOS AV AVE, WALCR CA 94598",511,2026-07-18T08:46:53.364176,New
6052,B251129,09/12/2025,"Building New Construction, Additions, Alterations or Sign","New HUD/HCD approved manufactured ADU. New utility connections as required, and field built entry landings and steps.","Conditionally Approved","51 CASTLE HILL CT, WALCR CA 94595",505,2026-07-18T08:46:39.314812,New
5895,B251168,09/18/2025,"Building New Construction, Additions, Alterations or Sign","TO LEGALIZE CONVERSION OF GARAGE TO ADU","Conditionally Approved","185 LORIE CT, WALCR CA 94597",492,2026-07-18T08:46:09.749854,New
5847,B251178,09/21/2025,"Building New Construction, Additions, Alterations or Sign","LEGALIZE GARAGE CONVERSION TO ATTACHED ADU (DONE BY PREVIOUS OWNER). BATHROOM IN CONVERTED GARAGE PREVIOUSLY PERMITTED (B051309).",Finaled,"1859 DANIELLE CT, A, WALCR CA 94598",488,2026-07-18T08:46:00.699325,New
5710,B251206,09/26/2025,"Building New Construction, Additions, Alterations or Sign","(N) ADU ATTACHED TO (E) GARAGE. (N) ADDITION OF SECOND-STORY OFFICE ABOVE (N) ADU & (E) GARAGE. (N) STAIRWAY FROM (E) GARAGE TO OFFICE ADDITION. (N) ADDITION OF ROOF PARTIALLY SHELTERING (N) REAR DECK / PATIO. (N) LANDSCAPING AND HOT TUB IN REAR YARD (SEE P26001)",Issued,"141 NORLYN DR, WALCR CA 94596",476,2026-07-18T08:45:31.524753,New
5476,B251253,10/06/2025,"Building New Construction, Additions, Alterations or Sign","Install a detached prefabricated ADU (996 sq ft). Construct engineered foundation and crane-set the unit. Trench and connect to existing water, gravity sewer (with cleanout), and a 240V electrical feeder to a new subpanel (all-electric; no gas). Provide mini-split HVAC, heat-pump water heater, ventilation, smoke/CO alarms, egress, and energy-code compliance. Finish with steps/landing, drainage, hardscape touch-ups, and site restoration. No work in the public ROW; no changes to the primary residence.","With Customer for Response","432 GRAND OAK CT, WALCR CA 94598",457,2026-07-18T08:44:49.819613,New
5398,R25353,10/09/2025,"Building Revision to Issued Permit","REVISION TO B250707: Revision of setback measurements and placement measurements of ADU.","Revision Issued","391 DOVER DR, WALCR CA 94598",450,2026-07-18T08:44:34.117965,New
5397,B251273,10/09/2025,"Building New Construction, Additions, Alterations or Sign","New duplex ADU (1,200 sq. ft. each) - Demolition is under separate permit D25015",Issued,"1839 SAN LUIS RD, A,B, WALCR CA 94597",450,2026-07-18T08:44:34.117965,New
5378,D25015,10/10/2025,"Building Demolition Full","Demolishing a total of 4 structures: 2 sheds, 1 ADU and a carport.",Finaled,"1839 SAN LUIS RD, WALCR CA 94597",449,2026-07-18T08:44:32.185360,New
5197,S25310-E,10/17/2025,"Solar System - Residential","ONLINE - Residential ADU Solar for 113 Rock Oak Ct",Finaled,"113 ROCK OAK CT, WALCR CA 94598",434,2026-07-18T08:43:57.738607,New
5081,B251345,10/23/2025,"Building New Construction, Additions, Alterations or Sign","new detached manufacturer ADU",Issued,"2010 GILL PORT LN, WALCR CA 94598",424,2026-07-18T08:43:36.482815,New
4977,B251384,10/28/2025,"Building New Construction, Additions, Alterations or Sign","PRADU MODERN STYLE 672 SQ. FT - PLAN 3",Issued,"1125 WIGET LN, A, WALCR CA 94598",415,2026-07-18T08:43:17.127859,New
4758,B251428,11/07/2025,"Building New Construction, Additions, Alterations or Sign","New detached ADU in the rear yard","Conditionally Approved","2148 ALICE AV AVE, WALCR CA 94596",397,2026-07-18T08:42:40.429916,New
4735,B251432,11/10/2025,"Building New Construction, Additions, Alterations or Sign","New detached ADU","Conditionally Approved","407 MONTECILLO DR, WALCR CA 94595",395,2026-07-18T08:42:36.020638,New
4628,B251454,11/17/2025,"Building New Construction, Additions, Alterations or Sign","New Attached ADU of 600 sqft in the side yard","Documents Received","165 DEL MONTE DR, WALCR CA 94595",386,2026-07-18T08:42:18.933669,New
4084,B251611,12/18/2025,"Building New Construction, Additions, Alterations or Sign","New detached adu of 1000 sq ft.","Conditionally Approved","40 GARRON CT, WALCR CA 94596",341,2026-07-18T08:40:49.362054,New
4062,R25420,12/19/2025,"Building Revision to Issued Permit","The electrical line from the ADU to the house was added in the drawing. The breaker box was positioned correctly in the drawing. In the kitchenette, the stove top was swapped out for a self venting microwave/convection oven. Finally, 2 concrete pads that were to the right side and in the back of the ADU were added. - REVISIONS TO B220430","Revision Issued","125 ROCK OAK CT, WALCR CA 94598",339,2026-07-18T08:40:45.321325,New
4045,B251626,12/22/2025,"Building New Construction, Additions, Alterations or Sign","Addition & remodel. Also converting (E) attached garage into ADU. Existing detached garage to remain.","In Review","2849 MI ELANA CIR, WALCR CA 94598",338,2026-07-18T08:40:43.589450,New
4038,B251632,12/22/2025,"Building New Construction, Additions, Alterations or Sign","(N) DETACHED ADU - 1 bed, 1 bath.",Issued,"1299 RUDGEAR RD, A, WALCR CA 94596",337,2026-07-18T08:40:41.916206,New
4018,B251640,12/23/2025,"Building New Construction, Additions, Alterations or Sign","(N) Detached, 799 s.f. ADU with 2 bedrooms and 2 bathrooms, and a covered porch.","With Customer for Response","1740 LILAC DR, WALCR CA 94595",335,2026-07-18T08:40:38.764580,New
4010,S25347-E,12/23/2025,"Solar System - Residential","ONLINE - Install PV System on ADU",Finaled,"85 PLEASANT VALLEY DR, WALCR CA 94597",335,2026-07-18T08:40:38.764580,New
3749,M260055,01/15/2026,"Mechanical, Electrical, or Plumbing Only","Demo master bath tub/shower pan and walls.  Waterproof shower pan system.  Install new floor and wall tile, new shower valve, ADU bars, new exhaust fan, and drywall texture and paint.",Void,"1705 PTARMIGAN DR, 1B, WALCR CA 94595",313,2026-07-18T08:39:58.102159,New
3687,M260075,01/20/2026,"Mechanical, Electrical, or Plumbing Only","Upgrading electrical panel from 100 to 400amp THERE WILL BE 1 PANEL WITH 3 METERS FOR 3 BUILDINGS- THE MAIN HOUSE & TWO ADU BUILDINGS.",Issued,"2231 BUENA VISTA AV AVE, WALCR CA 94597",308,2026-07-18T08:39:49.180054,New
3604,M260098,01/24/2026,"Mechanical, Electrical, or Plumbing Only","Add branch circuit to existing panel to serve ADU (B250022) attached to existing house",Finaled,"151 SHADY LN, WALCR CA 94597",301,2026-07-18T08:39:36.694981,New
3578,B260112,01/26/2026,"Building New Construction, Additions, Alterations or Sign","Revision to Permit B250206 to alter windows and one door; original scope, detached ADU",Void,"190 RUDGEAR DR, WALCR CA 94596",299,2026-07-18T08:39:33.477643,New
3537,M260118-E,01/27/2026,"Residential Electrical: Electrical Panel or Sub-Panel Replacement or Upgrade Panel ONLY (not exceeding 200amps & no relocation)","MSP upgrade for ADU B241531 100 amp to 200 amp",Finaled,"2473 ENCINAL DR, WALCR CA 94597",295,2026-07-18T08:39:26.703542,New
3454,B260134,02/01/2026,"Building New Construction, Additions, Alterations or Sign","Build a new 748 sf 2 bed 1 bath detached ADU with full kitchen. ADU will be on a slab foundation with truss roof framing. Tie into existing electrical drop with new meter for the ADU, upgrade the main electrical panel to 300 amps. Tie into the existing water service under the same meter. Tie into existing private sewer lateral. Provide new photovoltaic system.",Issued,"2488 ENCINAL DR, WALCR CA 94597",288,2026-07-18T08:39:14.878690,New
3421,R26046,02/03/2026,"Building Revision to Issued Permit","The electrical line from the ADU to the house was added in the drawing. The breaker box was positioned correctly in the drawing. In the kitchenette, the stove top was swapped out for a self venting microwave/convection oven. Finally, 2 concrete pads that were to the right side and in the back of the ADU were added. - REVISION TO B220430",Void,"125 ROCK OAK CT, WALCR CA 94598",286,2026-07-18T08:39:11.519365,New
3310,B260161,02/06/2026,"Building New Construction, Additions, Alterations or Sign","CONVERSION OF UPPER LEVEL PORTION OF HOUSE TO 424 SF JUNIOR ADU; REMODEL LIMITED TO ADDITION OF KITCHEN AND LAUNDRY HOOKUP & EXHAUST FAN. NO PROPOSED EXTERIOR WORK.",Finaled,"1770 ALMOND AV, B, WALCR CA",276,2026-07-18T08:38:55.457162,New
3281,S26019-E,02/09/2026,"Solar System - Residential","ONLINE - Install 15 solar panels on a new 1000 sq ft detached ADU",Approved,"432 GRAND OAK CT, WALCR CA 94598",274,2026-07-18T08:38:51.652562,New
3158,B260211,02/17/2026,"Building New Construction, Additions, Alterations or Sign","Convert Existing 2 car garage of 495 SF into a JADU.","Pending Payment","113 ROCK OAK CT, WALCR CA 94598",264,2026-07-18T08:38:35.141204,New
3105,B260227,02/19/2026,"Building New Construction, Additions, Alterations or Sign","(N) DETACHED ADU",Issued,"2614 GRANDE CAMINO, WALCR CA 94598",259,2026-07-18T08:38:27.400863,New
3041,S26026-E,02/24/2026,"Solar System - Residential","ONLINE - Adding Solar System to ADU on property. REVISION UNDER R26117",Finaled,"1868 DANIELLE CT, WALCR CA 94598",254,2026-07-18T08:38:19.752069,New
3019,M260297-E,02/24/2026,"EV Charger/Battery Storage System - Residential","ONLINE - Adding ESS system to new solar system on ADU; plans submitte on 2/24/26, record # S26026-E.",Finaled,"1868 DANIELLE CT, WALCR CA 94598",252,2026-07-18T08:38:16.522167,New
2929,B260264,03/03/2026,"Building New Construction, Additions, Alterations or Sign","(N) ATTACHED ADU - NEW 1-BEDROOM , 1-BATHROOM ADU ATTACHED TO EXISTING RESIDENCE. NEW HALLWAY TO CONNECT MAIN RESIDENCE TO ADU WITH A 20-MIN RATED DOOR.","In Review","30 NORLYN DR, WALCR CA 94596",245,2026-07-18T08:38:06.149132,New
2859,S26034-E,03/06/2026,"Solar System - Residential","ONLINE - Build a new 748 sf 2 bed 1 bath detached ADU with full kitchen and 288 sf garage. ADU will be on a slab foundation with truss roof framing. Tie into existing electrical drop with new meter for the ADU, upgrade the main electrical panel to 300 amps. Tie into the existing water service under the same meter. Tie into existing private sewer lateral. Provide new photovoltaic system. REVISION: R26147",Issued,"2488 ENCINAL DR, WALCR CA 94597",239,2026-07-18T08:37:56.084072,New
2838,M260356,03/06/2026,"Mechanical, Electrical, or Plumbing Only","Build a new 748 sf 2 bed 1 bath detached ADU with full kitchen and 288 sf garage. ADU will be on a slab foundation with truss roof framing. Tie into existing electrical drop with new meter for the ADU, upgrade the main electrical panel to 300 amps. Tie into the existing water service under the same meter. Tie into existing private sewer lateral. Provide new photovoltaic system.",Incomplete,"2488 ENCINAL DR, WALCR CA 94597",237,2026-07-18T08:37:53.504323,New
2799,B260304,03/10/2026,"Building New Construction, Additions, Alterations or Sign","1. ADDITION OF UNCONDITIONED GARAGE SPACE 2. CONVERT PARTIALLY AN EXISTING CONDITIONED AREA TO NEW ADU 3. NEW ATTACHED ADU ADDITION 4. ADDITION OF CONDITIONED SPACE A. BEDROOM 1A B. BEDROOM 1B C. BATHROOM D. LAUNDRY 5. RELOCATE WATER HEATER 6. RELOCATE CRAWL ACCESS","With Customer for Response","112 GROVER LN, WALCR CA 94596",234,2026-07-18T08:37:49.261330,New
2584,B260342,03/18/2026,"Building New Construction, Additions, Alterations or Sign","(N) Detached ADU","With Customer for Response","3053 BOWLING GREEN DR, WALCR CA 94598",216,2026-07-18T08:37:22.566617,New
2551,S26040-E,03/18/2026,"Solar System - Residential","ONLINE - 155A ADU. Roof mount 3.52 KW PV, 8 Solaria 440W panels and 8 Enphase Enphase IQ8A micro inverters",Finaled,"155 LAKEWOOD RD, WALCR CA 94598",213,2026-07-18T08:37:18.582405,New
2497,R26117,03/23/2026,"Building Revision to Issued Permit","REVISION TO S26026-E: Changing existing main 200A breaker to 175A breaker for ADU solar system.","Revision Issued","1868 DANIELLE CT, WALCR CA 94598",209,2026-07-18T08:37:13.284506,New
2429,B260366,03/26/2026,"Building New Construction, Additions, Alterations or Sign","New 700 sf 2 bed 1 bath detached ADU with laundry, full kitchen, and solar",Issued,"132 CALLE NOGALES, A, WALCR CA 94597",203,2026-07-18T08:37:05.182796,New
2370,B260379,03/29/2026,"Building New Construction, Additions, Alterations or Sign","New ADU attached to an existing detached garage.","In Review","30 CAMEO CT, WALCR CA 94597",198,2026-07-18T08:36:58.753569,New
2295,B260398,04/01/2026,"Building New Construction, Additions, Alterations or Sign","New 556 sq. ft. attached ADU. Scope includes an internal remodel of the existing kitchen (~200 sq. ft.).","Application Dropped","1862 3RD AVE, WALCR CA 94597",192,2026-07-18T08:36:52.075920,New
2239,B260418,04/03/2026,"Building New Construction, Additions, Alterations or Sign","Remodel and addition to an (E) detached 1-bedroom ADU. No bedroom or bathroom added.","Conditionally Approved","102 CASTLE ROCK LN, WALCR CA 94598",187,2026-07-18T08:36:45.616174,New
2218,B260422,04/06/2026,"Building New Construction, Additions, Alterations or Sign","New attached ADU 645 sf","Conditionally Approved","30 GARRON CT, WALCR CA 94596",185,2026-07-18T08:36:43.516619,New
1706,B260531,04/29/2026,"Building New Construction, Additions, Alterations or Sign","748sq ft, detached ADU.","With Customer for Response","3429 DEERPARK DR, WALCR CA 94598",143,2026-07-18T08:35:54.506530,New
1627,B260547,05/03/2026,"Building New Construction, Additions, Alterations or Sign","Retro-active work- 2nd fl. Conversion of Closet into Kitchenette for ADU, Interior remodel and enclose windows in downstairs kitchen and installation of New Sliding Door (1st).","In Review","2455 LARKEY LN, WALCR CA",136,2026-07-18T08:35:47.018685,New
1546,B260569,05/06/2026,"Building New Construction, Additions, Alterations or Sign","LEGALIZATION OF UNPERMITTED ADU in compliance with AB 2533, and Section 66332 (Attached ADU 708SQ.FT)",Incomplete,"1590 3RD AVE, WALCR CA 94597",129,2026-07-18T08:35:39.790937,New
1504,R26165,05/07/2026,"Building Revision to Issued Permit","The location of ADU building has been moved. Please refer to attached revised Site Plan drawing Sheet A1.0. The changes has been shown with revision cloud delta 5. - REVISION TO B250797","Revision Issued","2024 MALLARD DR, WALCR CA 94597",126,2026-07-18T08:35:36.794442,New
1398,R26169,05/13/2026,"Building Revision to Issued Permit","Change to the design of the ceiling in ADU addition on FL1 from eight-foot to cathedral style, and removal of the entry coat closet on FL1. These changes will not create additional square footage or roof height. - REVISION TO B251206","Revision Issued","141 NORLYN DR, WALCR CA 94596",117,2026-07-18T08:35:25.619961,New
1383,S26070-E,05/13/2026,"Solar System - Residential","ONLINE - (N) 2.05KWDC (STC) ROOF MOUNTED PHOTOVOLTAIC SYSTEM FOR ADU",Issued,"132 CALLE NOGALES, WALCR CA 94597",116,2026-07-18T08:35:24.586134,New
1285,B260639,05/19/2026,"Building New Construction, Additions, Alterations or Sign","ADD A NEW 992 sq. ft. TWO-STORY DETACHED ACCESSORY DWELLING UNIT (ADU) IN THE BACK YARD","Pending Payment","1072 HACIENDA DR, WALCR CA 94598",108,2026-07-18T08:35:15.403554,New
1138,B260693,05/26/2026,"Building New Construction, Additions, Alterations or Sign","LEGALIZATION OF UNPERMITTED ADU - Application and permit AB 2533 ADU Amnesty Program. Existing garage conversion , one studio space with bathroom, sink.",Incomplete,"1514 CARMEL DR, WALCR CA 94596",95,2026-07-18T08:34:58.955169,New
1081,B260705,05/28/2026,"Building New Construction, Additions, Alterations or Sign","PRADU Code Update - PLAN 1","In Review","1666 N MAIN ST, WALCR CA 94596",91,2026-07-18T08:34:55.019574,New
1078,B260706,05/28/2026,"Building New Construction, Additions, Alterations or Sign","PRADU Code Update - Plan 2","In Review","1666 N MAIN ST, WALCR CA 94596",90,2026-07-18T08:34:54.058262,New
1077,B260707,05/28/2026,"Building New Construction, Additions, Alterations or Sign","PRADU Code Update - Plan 3","In Review","1666 N MAIN ST, WALCR CA 94596",90,2026-07-18T08:34:54.058262,New
1076,B260708,05/28/2026,"Building New Construction, Additions, Alterations or Sign","PRADU Code Update - Plan 4","In Review","1666 N MAIN ST, WALCR CA 94596",90,2026-07-18T08:34:54.058262,New
1039,B260715,05/31/2026,"Building New Construction, Additions, Alterations or Sign","CONSTRUCTION OF A NEW 785 SF ONE (1) BEDROOM ONE (1) STORY DETACHED ADU TO BE BUILT FROM GROUND UP ON FLAT LOT.","With Customer for Response","2161 WALNUT BL BLVD, WALCR CA 94597",87,2026-07-18T08:34:51.185005,New
1025,R26195,06/01/2026,"Building Revision to Issued Permit","REVISION TO B250927 - Change from Cottage Style to Modern Style, within the PRADU plan","Conditionally Approved","23 CAMEO CT, WALCR CA 94597",86,2026-07-18T08:34:50.237732,New
946,B260733,06/03/2026,"Building New Construction, Additions, Alterations or Sign","Adding an ADU to existing structure. Relocating an existing bathroom.","With Customer for Response","205 PICKERING PL, WALCR CA 94598",79,2026-07-18T08:34:43.490059,New
929,B260736,06/04/2026,"Building New Construction, Additions, Alterations or Sign","CONVERT EXISTING DETACHED SINGLE CAR GARAGE INTO 2 BEDROOM 1 BATH ADU 898 SF ALL ELECTRIC","In Review","45 SUN VALLEY DR, WALCR CA 94597",78,2026-07-18T08:34:42.538587,New
927,B260738,06/04/2026,"Building New Construction, Additions, Alterations or Sign","CONVERT THE EXISTING REAR SUN ROOM TO A 495 SF JADU. CONVERT THE FRONT GARAGE TO AN ADU AND ADD A NEW STORY, FOR A TOTAL AREA OF 857 SF.","In Review","412 CASTLE ROCK RD, WALCR CA 94598",78,2026-07-18T08:34:42.538587,New
904,B260742,06/05/2026,"Building New Construction, Additions, Alterations or Sign","SFR plus JADU","With Customer for Response","1725 SUNNYVALE AV AVE, WALCR CA 94597",76,2026-07-18T08:34:40.619437,New
901,B260772,06/05/2026,"Building New Construction, Additions, Alterations or Sign","SFR plus JADU",Received,"1725 SUNNYVALE AV AVE, WALCR CA 94597",76,2026-07-18T08:34:40.619437,New
898,B260773,06/05/2026,"Building New Construction, Additions, Alterations or Sign","SFR plus JADU",Received,"1725 SUNNYVALE AV AVE, WALCR CA 94597",75,2026-07-18T08:34:39.719992,New
897,B260774,06/05/2026,"Building New Construction, Additions, Alterations or Sign","SFR plus JADU",Received,"1725 SUNNYVALE AV AVE, WALCR CA 94597",75,2026-07-18T08:34:39.719992,New
896,B260775,06/05/2026,"Building New Construction, Additions, Alterations or Sign","SFR plus JADU",Received,"1725 SUNNYVALE AV AVE, WALCR CA 94597",75,2026-07-18T08:34:39.719992,New
895,B260776,06/05/2026,"Building New Construction, Additions, Alterations or Sign","SFR plus JADU",Received,"1725 SUNNYVALE AV AVE, WALCR CA 94597",75,2026-07-18T08:34:39.719992,New
894,B260777,06/05/2026,"Building New Construction, Additions, Alterations or Sign","SFR plus JADU",Received,"1725 SUNNYVALE AV AVE, WALCR CA 94597",75,2026-07-18T08:34:39.719992,New
878,B260744,06/06/2026,"Building New Construction, Additions, Alterations or Sign","CONVERT 500 s.f. OF (E) LIVING SPACE TO JADU","With Customer for Response","1910 SAN MIGUEL DR, WALCR CA 94596",74,2026-07-18T08:34:38.814651,New
763,B260783,06/11/2026,"Building New Construction, Additions, Alterations or Sign","Demo side walk to build driveway into property in front of new ADU",Void,"391 DOVER DR, WALCR CA 94598",64,2026-07-18T08:34:29.169520,New
718,B260807,06/15/2026,"Building New Construction, Additions, Alterations or Sign","New Detached ADU 593 sf","In Review","2725 ECCLESTON AV AVE, WALCR CA 94597",60,2026-07-18T08:34:25.288743,New
645,B260820,06/18/2026,"Building New Construction, Additions, Alterations or Sign","(N) Detached manufactured ADU 800 sf","In Review","1181 SCOTS LN, WALCR CA 94596",54,2026-07-18T08:34:19.588058,New
639,B260825,06/18/2026,"Building New Construction, Additions, Alterations or Sign","CONSTRUCT A NEW DETACHED ACCESSORY DWELLING UNIT (ADU)",Received,"1580 3RD AVE, WALCR CA 94597",54,2026-07-18T08:34:19.588058,New
197,R26240,07/13/2026,"Building Revision to Issued Permit","Move electrical sub panel in ADU to exterior of building. Install solar panels for ADU on roof of existing Main Residence.",Incomplete,"40 NORMANDY LN, A, WALCR CA 94598",17,2026-07-18T08:33:48.122943,New
